日期,区域,城市（中文）,城市（英文）,平均气温°F,最高气温°F,平均气温°C,最高气温°C,数据来源
2026-05-01,美西,洛杉矶,"Los Angeles, CA",65.8,79.4,18.8,26.3,Open-Meteo Historical Weather API (ECMWF IFS)
2026-05-02,美西,洛杉矶,"Los Angeles, CA",64.5,77.1,18.1,25.1,Open-Meteo Historical Weather API (ECMWF IFS)
2026-05-03,美西,洛杉矶,"Los Angeles, CA",61.8,68.3,16.6,20.2,Open-Meteo Historical Weather API (ECMWF IFS)
2026-05-04,美西,洛杉矶,"Los Angeles, CA",62.2,70.2,16.8,21.2,Open-Meteo Historical Weather API (ECMWF IFS)
2026-05-05,美西,洛杉矶,"Los Angeles, CA",62.2,70.0,16.8,21.1,Open-Meteo Historical Weather API (ECMWF IFS)
2026-05-06,美西,洛杉矶,"Los Angeles, CA",64.5,76.4,18.1,24.7,Open-Meteo Historical Weather API (ECMWF IFS)
2026-05-07,美西,洛杉矶,"Los Angeles, CA",66.7,79.8,19.3,26.6,Open-Meteo Historical Weather API (ECMWF IFS)
2026-05-08,美西,洛杉矶,"Los Angeles, CA",65.7,77.5,18.7,25.3,Open-Meteo Historical Weather API (ECMWF IFS)
2026-05-09,美西,洛杉矶,"Los Angeles, CA",66.9,81.0,19.4,27.2,Open-Meteo Historical Weather API (ECMWF IFS)
2026-05-10,美西,洛杉矶,"Los Angeles, CA",67.3,81.1,19.6,27.3,Open-Meteo Historical Weather API (ECMWF IFS)
2026-05-11,美西,洛杉矶,"Los Angeles, CA",70.4,86.5,21.3,30.3,Open-Meteo Historical Weather API (ECMWF IFS)
2026-05-12,美西,洛杉矶,"Los Angeles, CA",64.1,73.5,17.8,23.1,Open-Meteo Historical Weather API (ECMWF IFS)
2026-05-13,美西,洛杉矶,"Los Angeles, CA",64.2,73.5,17.9,23.1,Open-Meteo Historical Weather API (ECMWF IFS)
2026-05-14,美西,洛杉矶,"Los Angeles, CA",64.9,75.4,18.3,24.1,Open-Meteo Historical Weather API (ECMWF IFS)
2026-05-15,美西,洛杉矶,"Los Angeles, CA",64.9,75.9,18.3,24.4,Open-Meteo Historical Weather API (ECMWF IFS)
2026-05-16,美西,洛杉矶,"Los Angeles, CA",66.0,74.8,18.9,23.8,Open-Meteo Historical Weather API (ECMWF IFS)
2026-05-17,美西,洛杉矶,"Los Angeles, CA",66.1,74.5,18.9,23.6,Open-Meteo Historical Weather API (ECMWF IFS)
2026-05-18,美西,洛杉矶,"Los Angeles, CA",67.8,78.2,19.9,25.7,Open-Meteo Historical Weather API (ECMWF IFS)
2026-05-19,美西,洛杉矶,"Los Angeles, CA",71.7,86.9,22.1,30.5,Open-Meteo Historical Weather API (ECMWF IFS)
2026-05-20,美西,洛杉矶,"Los Angeles, CA",76.3,89.8,24.6,32.1,Open-Meteo Historical Weather API (ECMWF IFS)
2026-05-21,美西,洛杉矶,"Los Angeles, CA",71.4,84.0,21.9,28.9,Open-Meteo Historical Weather API (ECMWF IFS)
2026-05-22,美西,洛杉矶,"Los Angeles, CA",66.2,75.5,19.0,24.2,Open-Meteo Historical Weather API (ECMWF IFS)
2026-05-23,美西,洛杉矶,"Los Angeles, CA",65.4,75.2,18.6,24.0,Open-Meteo Historical Weather API (ECMWF IFS)
2026-05-24,美西,洛杉矶,"Los Angeles, CA",64.3,73.3,17.9,22.9,Open-Meteo Historical Weather API (ECMWF IFS)
2026-05-25,美西,洛杉矶,"Los Angeles, CA",64.3,73.7,17.9,23.2,Open-Meteo Historical Weather API (ECMWF IFS)
2026-05-26,美西,洛杉矶,"Los Angeles, CA",64.0,72.4,17.8,22.4,Open-Meteo Historical Weather API (ECMWF IFS)
2026-05-27,美西,洛杉矶,"Los Angeles, CA",62.1,71.0,16.7,21.7,Open-Meteo Historical Weather API (ECMWF IFS)
2026-05-28,美西,洛杉矶,"Los Angeles, CA",61.9,70.6,16.6,21.4,Open-Meteo Historical Weather API (ECMWF IFS)
2026-05-29,美西,洛杉矶,"Los Angeles, CA",64.8,73.5,18.2,23.1,Open-Meteo Historical Weather API (ECMWF IFS)
2026-05-30,美西,洛杉矶,"Los Angeles, CA",67.9,80.4,19.9,26.9,Open-Meteo Historical Weather API (ECMWF IFS)
2026-05-31,美西,洛杉矶,"Los Angeles, CA",71.3,84.7,21.8,29.3,Open-Meteo Historical Weather API (ECMWF IFS)
2026-06-01,美西,洛杉矶,"Los Angeles, CA",69.1,82.6,20.6,28.1,Open-Meteo Historical Weather API (ECMWF IFS)
2026-06-02,美西,洛杉矶,"Los Angeles, CA",67.2,78.2,19.6,25.7,Open-Meteo Historical Weather API (ECMWF IFS)
2026-06-03,美西,洛杉矶,"Los Angeles, CA",68.9,81.7,20.5,27.6,Open-Meteo Historical Weather API (ECMWF IFS)
2026-06-04,美西,洛杉矶,"Los Angeles, CA",69.5,83.4,20.8,28.6,Open-Meteo Historical Weather API (ECMWF IFS)
2026-06-05,美西,洛杉矶,"Los Angeles, CA",70.0,81.7,21.1,27.6,Open-Meteo Historical Weather API (ECMWF IFS)
2026-06-06,美西,洛杉矶,"Los Angeles, CA",69.9,81.2,21.1,27.3,Open-Meteo Historical Weather API (ECMWF IFS)
2026-06-07,美西,洛杉矶,"Los Angeles, CA",69.1,79.0,20.6,26.1,Open-Meteo Historical Weather API (ECMWF IFS)
2026-06-08,美西,洛杉矶,"Los Angeles, CA",68.0,80.1,20.0,26.7,Open-Meteo Historical Weather API (ECMWF IFS)
2026-06-09,美西,洛杉矶,"Los Angeles, CA",70.3,81.0,21.3,27.2,Open-Meteo Historical Weather API (ECMWF IFS)
2026-06-10,美西,洛杉矶,"Los Angeles, CA",74.5,88.3,23.6,31.3,Open-Meteo Historical Weather API (ECMWF IFS)
2026-06-11,美西,洛杉矶,"Los Angeles, CA",74.4,89.5,23.6,31.9,Open-Meteo Historical Weather API (ECMWF IFS)
2026-06-12,美西,洛杉矶,"Los Angeles, CA",74.5,90.1,23.6,32.3,Open-Meteo Historical Weather API (ECMWF IFS)
2026-06-13,美西,洛杉矶,"Los Angeles, CA",73.1,83.9,22.8,28.8,Open-Meteo Historical Weather API (ECMWF IFS)
2026-06-14,美西,洛杉矶,"Los Angeles, CA",72.3,84.5,22.4,29.2,Open-Meteo Historical Weather API (ECMWF IFS)
2026-06-15,美西,洛杉矶,"Los Angeles, CA",71.8,82.8,22.1,28.2,Open-Meteo Historical Weather API (ECMWF IFS)
2026-06-16,美西,洛杉矶,"Los Angeles, CA",70.3,82.5,21.3,28.1,Open-Meteo Historical Weather API (ECMWF IFS)
2026-06-17,美西,洛杉矶,"Los Angeles, CA",68.1,78.6,20.1,25.9,Open-Meteo Historical Weather API (ECMWF IFS)
2026-06-18,美西,洛杉矶,"Los Angeles, CA",66.8,74.6,19.3,23.7,Open-Meteo Historical Weather API (ECMWF IFS)
2026-06-19,美西,洛杉矶,"Los Angeles, CA",67.3,76.6,19.6,24.8,Open-Meteo Historical Weather API (ECMWF IFS)
2026-06-20,美西,洛杉矶,"Los Angeles, CA",66.3,75.0,19.1,23.9,Open-Meteo Historical Weather API (ECMWF IFS)
2026-06-21,美西,洛杉矶,"Los Angeles, CA",66.9,76.5,19.4,24.7,Open-Meteo Historical Weather API (ECMWF IFS)
2026-06-22,美西,洛杉矶,"Los Angeles, CA",69.4,81.0,20.8,27.2,Open-Meteo Historical Weather API (ECMWF IFS)
2026-06-23,美西,洛杉矶,"Los Angeles, CA",70.0,82.3,21.1,27.9,Open-Meteo Historical Weather API (ECMWF IFS)
2026-06-24,美西,洛杉矶,"Los Angeles, CA",69.9,81.3,21.1,27.4,Open-Meteo Historical Weather API (ECMWF IFS)
2026-06-25,美西,洛杉矶,"Los Angeles, CA",68.2,79.7,20.1,26.5,Open-Meteo Historical Weather API (ECMWF IFS)
2026-06-26,美西,洛杉矶,"Los Angeles, CA",68.3,79.2,20.2,26.2,Open-Meteo Historical Weather API (ECMWF IFS)
2026-06-27,美西,洛杉矶,"Los Angeles, CA",68.9,80.1,20.5,26.7,Open-Meteo Historical Weather API (ECMWF IFS)
2026-06-28,美西,洛杉矶,"Los Angeles, CA",68.7,79.1,20.4,26.2,Open-Meteo Historical Weather API (ECMWF IFS)
2026-06-29,美西,洛杉矶,"Los Angeles, CA",67.9,76.9,19.9,24.9,Open-Meteo Historical Weather API (ECMWF IFS)
2026-06-30,美西,洛杉矶,"Los Angeles, CA",67.9,73.8,19.9,23.2,Open-Meteo Historical Weather API (ECMWF IFS)
2026-07-01,美西,洛杉矶,"Los Angeles, CA",67.5,74.7,19.7,23.7,Open-Meteo Historical Weather API (ECMWF IFS)
2026-07-02,美西,洛杉矶,"Los Angeles, CA",68.5,79.8,20.3,26.6,Open-Meteo Historical Weather API (ECMWF IFS)
2026-07-03,美西,洛杉矶,"Los Angeles, CA",70.4,85.5,21.3,29.7,Open-Meteo Historical Weather API (ECMWF IFS)
2026-07-04,美西,洛杉矶,"Los Angeles, CA",71.7,85.6,22.1,29.8,Open-Meteo Historical Weather API (ECMWF IFS)
2026-07-05,美西,洛杉矶,"Los Angeles, CA",72.6,84.2,22.6,29.0,Open-Meteo Historical Weather API (ECMWF IFS)
2026-07-06,美西,洛杉矶,"Los Angeles, CA",73.2,86.9,22.9,30.5,Open-Meteo Historical Weather API (ECMWF IFS)
2026-07-07,美西,洛杉矶,"Los Angeles, CA",73.8,88.0,23.2,31.1,Open-Meteo Historical Weather API (ECMWF IFS)
2026-07-08,美西,洛杉矶,"Los Angeles, CA",74.4,89.6,23.6,32.0,Open-Meteo Historical Weather API (ECMWF IFS)
2026-07-09,美西,洛杉矶,"Los Angeles, CA",74.2,89.3,23.4,31.8,Open-Meteo Historical Weather API (ECMWF IFS)
2026-07-10,美西,洛杉矶,"Los Angeles, CA",73.8,85.8,23.2,29.9,Open-Meteo Historical Weather API (ECMWF IFS)
2026-07-11,美西,洛杉矶,"Los Angeles, CA",74.0,87.0,23.3,30.6,Open-Meteo Historical Weather API (ECMWF IFS)
2026-07-12,美西,洛杉矶,"Los Angeles, CA",74.0,83.9,23.3,28.8,Open-Meteo Historical Weather API (ECMWF IFS)
2026-07-13,美西,洛杉矶,"Los Angeles, CA",76.3,90.8,24.6,32.7,Open-Meteo Historical Weather API (ECMWF IFS)
2026-07-14,美西,洛杉矶,"Los Angeles, CA",77.8,91.6,25.4,33.1,Open-Meteo Historical Weather API (ECMWF IFS)
2026-07-15,美西,洛杉矶,"Los Angeles, CA",81.9,98.8,27.7,37.1,Open-Meteo Historical Weather API (ECMWF IFS)
2026-07-16,美西,洛杉矶,"Los Angeles, CA",82.2,97.0,27.9,36.1,Open-Meteo Historical Weather API (ECMWF IFS)
2026-05-01,美中,达拉斯,"Dallas, TX",59.3,64.8,15.2,18.2,Open-Meteo Historical Weather API (ECMWF IFS)
2026-05-02,美中,达拉斯,"Dallas, TX",62.8,73.3,17.1,22.9,Open-Meteo Historical Weather API (ECMWF IFS)
2026-05-03,美中,达拉斯,"Dallas, TX",67.6,79.8,19.8,26.6,Open-Meteo Historical Weather API (ECMWF IFS)
2026-05-04,美中,达拉斯,"Dallas, TX",71.0,81.7,21.7,27.6,Open-Meteo Historical Weather API (ECMWF IFS)
2026-05-05,美中,达拉斯,"Dallas, TX",77.5,90.9,25.3,32.7,Open-Meteo Historical Weather API (ECMWF IFS)
2026-05-06,美中,达拉斯,"Dallas, TX",60.2,66.1,15.7,18.9,Open-Meteo Historical Weather API (ECMWF IFS)
2026-05-07,美中,达拉斯,"Dallas, TX",61.9,71.9,16.6,22.2,Open-Meteo Historical Weather API (ECMWF IFS)
2026-05-08,美中,达拉斯,"Dallas, TX",66.0,73.9,18.9,23.3,Open-Meteo Historical Weather API (ECMWF IFS)
2026-05-09,美中,达拉斯,"Dallas, TX",74.8,84.7,23.8,29.3,Open-Meteo Historical Weather API (ECMWF IFS)
2026-05-10,美中,达拉斯,"Dallas, TX",69.5,79.3,20.8,26.3,Open-Meteo Historical Weather API (ECMWF IFS)
2026-05-11,美中,达拉斯,"Dallas, TX",67.4,76.0,19.7,24.4,Open-Meteo Historical Weather API (ECMWF IFS)
2026-05-12,美中,达拉斯,"Dallas, TX",71.5,83.0,21.9,28.3,Open-Meteo Historical Weather API (ECMWF IFS)
2026-05-13,美中,达拉斯,"Dallas, TX",77.9,91.7,25.5,33.2,Open-Meteo Historical Weather API (ECMWF IFS)
2026-05-14,美中,达拉斯,"Dallas, TX",80.2,90.9,26.8,32.7,Open-Meteo Historical Weather API (ECMWF IFS)
2026-05-15,美中,达拉斯,"Dallas, TX",79.3,90.0,26.3,32.2,Open-Meteo Historical Weather API (ECMWF IFS)
2026-05-16,美中,达拉斯,"Dallas, TX",79.0,87.5,26.1,30.8,Open-Meteo Historical Weather API (ECMWF IFS)
2026-05-17,美中,达拉斯,"Dallas, TX",79.3,88.6,26.3,31.4,Open-Meteo Historical Weather API (ECMWF IFS)
2026-05-18,美中,达拉斯,"Dallas, TX",78.2,87.6,25.7,30.9,Open-Meteo Historical Weather API (ECMWF IFS)
2026-05-19,美中,达拉斯,"Dallas, TX",74.1,78.5,23.4,25.8,Open-Meteo Historical Weather API (ECMWF IFS)
2026-05-20,美中,达拉斯,"Dallas, TX",71.4,79.4,21.9,26.3,Open-Meteo Historical Weather API (ECMWF IFS)
2026-05-21,美中,达拉斯,"Dallas, TX",70.3,75.2,21.3,24.0,Open-Meteo Historical Weather API (ECMWF IFS)
2026-05-22,美中,达拉斯,"Dallas, TX",72.3,82.0,22.4,27.8,Open-Meteo Historical Weather API (ECMWF IFS)
2026-05-23,美中,达拉斯,"Dallas, TX",73.3,80.6,22.9,27.0,Open-Meteo Historical Weather API (ECMWF IFS)
2026-05-24,美中,达拉斯,"Dallas, TX",73.1,81.1,22.8,27.3,Open-Meteo Historical Weather API (ECMWF IFS)
2026-05-25,美中,达拉斯,"Dallas, TX",74.3,84.0,23.5,28.9,Open-Meteo Historical Weather API (ECMWF IFS)
2026-05-26,美中,达拉斯,"Dallas, TX",75.1,84.5,23.9,29.2,Open-Meteo Historical Weather API (ECMWF IFS)
2026-05-27,美中,达拉斯,"Dallas, TX",71.9,79.9,22.2,26.6,Open-Meteo Historical Weather API (ECMWF IFS)
2026-05-28,美中,达拉斯,"Dallas, TX",75.7,83.1,24.3,28.4,Open-Meteo Historical Weather API (ECMWF IFS)
2026-05-29,美中,达拉斯,"Dallas, TX",80.1,88.3,26.7,31.3,Open-Meteo Historical Weather API (ECMWF IFS)
2026-05-30,美中,达拉斯,"Dallas, TX",82.4,90.8,28.0,32.7,Open-Meteo Historical Weather API (ECMWF IFS)
2026-05-31,美中,达拉斯,"Dallas, TX",84.6,93.9,29.2,34.4,Open-Meteo Historical Weather API (ECMWF IFS)
2026-06-01,美中,达拉斯,"Dallas, TX",84.6,93.2,29.2,34.0,Open-Meteo Historical Weather API (ECMWF IFS)
2026-06-02,美中,达拉斯,"Dallas, TX",82.8,94.7,28.2,34.8,Open-Meteo Historical Weather API (ECMWF IFS)
2026-06-03,美中,达拉斯,"Dallas, TX",79.2,87.1,26.2,30.6,Open-Meteo Historical Weather API (ECMWF IFS)
2026-06-04,美中,达拉斯,"Dallas, TX",78.9,85.9,26.1,29.9,Open-Meteo Historical Weather API (ECMWF IFS)
2026-06-05,美中,达拉斯,"Dallas, TX",76.8,84.7,24.9,29.3,Open-Meteo Historical Weather API (ECMWF IFS)
2026-06-06,美中,达拉斯,"Dallas, TX",76.4,86.5,24.7,30.3,Open-Meteo Historical Weather API (ECMWF IFS)
2026-06-07,美中,达拉斯,"Dallas, TX",78.8,87.8,26.0,31.0,Open-Meteo Historical Weather API (ECMWF IFS)
2026-06-08,美中,达拉斯,"Dallas, TX",83.5,91.7,28.6,33.2,Open-Meteo Historical Weather API (ECMWF IFS)
2026-06-09,美中,达拉斯,"Dallas, TX",82.9,90.7,28.3,32.6,Open-Meteo Historical Weather API (ECMWF IFS)
2026-06-10,美中,达拉斯,"Dallas, TX",84.7,95.1,29.3,35.1,Open-Meteo Historical Weather API (ECMWF IFS)
2026-06-11,美中,达拉斯,"Dallas, TX",85.2,92.8,29.6,33.8,Open-Meteo Historical Weather API (ECMWF IFS)
2026-06-12,美中,达拉斯,"Dallas, TX",82.1,89.4,27.8,31.9,Open-Meteo Historical Weather API (ECMWF IFS)
2026-06-13,美中,达拉斯,"Dallas, TX",84.3,91.8,29.1,33.2,Open-Meteo Historical Weather API (ECMWF IFS)
2026-06-14,美中,达拉斯,"Dallas, TX",79.9,84.7,26.6,29.3,Open-Meteo Historical Weather API (ECMWF IFS)
2026-06-15,美中,达拉斯,"Dallas, TX",75.5,83.9,24.2,28.8,Open-Meteo Historical Weather API (ECMWF IFS)
2026-06-16,美中,达拉斯,"Dallas, TX",79.6,87.0,26.4,30.6,Open-Meteo Historical Weather API (ECMWF IFS)
2026-06-17,美中,达拉斯,"Dallas, TX",82.6,91.5,28.1,33.1,Open-Meteo Historical Weather API (ECMWF IFS)
2026-06-18,美中,达拉斯,"Dallas, TX",84.5,93.6,29.2,34.2,Open-Meteo Historical Weather API (ECMWF IFS)
2026-06-19,美中,达拉斯,"Dallas, TX",76.2,82.1,24.6,27.8,Open-Meteo Historical Weather API (ECMWF IFS)
2026-06-20,美中,达拉斯,"Dallas, TX",79.5,87.7,26.4,30.9,Open-Meteo Historical Weather API (ECMWF IFS)
2026-06-21,美中,达拉斯,"Dallas, TX",82.1,90.1,27.8,32.3,Open-Meteo Historical Weather API (ECMWF IFS)
2026-06-22,美中,达拉斯,"Dallas, TX",83.5,93.5,28.6,34.2,Open-Meteo Historical Weather API (ECMWF IFS)
2026-06-23,美中,达拉斯,"Dallas, TX",83.2,91.8,28.4,33.2,Open-Meteo Historical Weather API (ECMWF IFS)
2026-06-24,美中,达拉斯,"Dallas, TX",84.9,92.6,29.4,33.7,Open-Meteo Historical Weather API (ECMWF IFS)
2026-06-25,美中,达拉斯,"Dallas, TX",84.0,91.0,28.9,32.8,Open-Meteo Historical Weather API (ECMWF IFS)
2026-06-26,美中,达拉斯,"Dallas, TX",86.1,94.7,30.1,34.8,Open-Meteo Historical Weather API (ECMWF IFS)
2026-06-27,美中,达拉斯,"Dallas, TX",87.4,96.4,30.8,35.8,Open-Meteo Historical Weather API (ECMWF IFS)
2026-06-28,美中,达拉斯,"Dallas, TX",87.9,97.0,31.1,36.1,Open-Meteo Historical Weather API (ECMWF IFS)
2026-06-29,美中,达拉斯,"Dallas, TX",88.4,98.1,31.3,36.7,Open-Meteo Historical Weather API (ECMWF IFS)
2026-06-30,美中,达拉斯,"Dallas, TX",87.3,96.7,30.7,35.9,Open-Meteo Historical Weather API (ECMWF IFS)
2026-07-01,美中,达拉斯,"Dallas, TX",88.2,97.5,31.2,36.4,Open-Meteo Historical Weather API (ECMWF IFS)
2026-07-02,美中,达拉斯,"Dallas, TX",88.6,97.5,31.4,36.4,Open-Meteo Historical Weather API (ECMWF IFS)
2026-07-03,美中,达拉斯,"Dallas, TX",88.8,98.7,31.6,37.1,Open-Meteo Historical Weather API (ECMWF IFS)
2026-07-04,美中,达拉斯,"Dallas, TX",90.3,99.8,32.4,37.7,Open-Meteo Historical Weather API (ECMWF IFS)
2026-07-05,美中,达拉斯,"Dallas, TX",86.6,95.5,30.3,35.3,Open-Meteo Historical Weather API (ECMWF IFS)
2026-07-06,美中,达拉斯,"Dallas, TX",85.3,97.7,29.6,36.5,Open-Meteo Historical Weather API (ECMWF IFS)
2026-07-07,美中,达拉斯,"Dallas, TX",85.5,98.1,29.7,36.7,Open-Meteo Historical Weather API (ECMWF IFS)
2026-07-08,美中,达拉斯,"Dallas, TX",88.0,98.9,31.1,37.2,Open-Meteo Historical Weather API (ECMWF IFS)
2026-07-09,美中,达拉斯,"Dallas, TX",90.4,100.0,32.4,37.8,Open-Meteo Historical Weather API (ECMWF IFS)
2026-07-10,美中,达拉斯,"Dallas, TX",89.4,97.9,31.9,36.6,Open-Meteo Historical Weather API (ECMWF IFS)
2026-07-11,美中,达拉斯,"Dallas, TX",87.4,97.7,30.8,36.5,Open-Meteo Historical Weather API (ECMWF IFS)
2026-07-12,美中,达拉斯,"Dallas, TX",83.8,96.6,28.8,35.9,Open-Meteo Historical Weather API (ECMWF IFS)
2026-07-13,美中,达拉斯,"Dallas, TX",77.3,84.9,25.2,29.4,Open-Meteo Historical Weather API (ECMWF IFS)
2026-07-14,美中,达拉斯,"Dallas, TX",78.4,88.3,25.8,31.3,Open-Meteo Historical Weather API (ECMWF IFS)
2026-07-15,美中,达拉斯,"Dallas, TX",77.6,86.8,25.3,30.4,Open-Meteo Historical Weather API (ECMWF IFS)
2026-07-16,美中,达拉斯,"Dallas, TX",78.5,86.7,25.8,30.4,Open-Meteo Historical Weather API (ECMWF IFS)
2026-05-01,美中,休斯敦,"Houston, TX",63.1,67.7,17.3,19.8,Open-Meteo Historical Weather API (ECMWF IFS)
2026-05-02,美中,休斯敦,"Houston, TX",63.3,73.6,17.4,23.1,Open-Meteo Historical Weather API (ECMWF IFS)
2026-05-03,美中,休斯敦,"Houston, TX",66.2,77.2,19.0,25.1,Open-Meteo Historical Weather API (ECMWF IFS)
2026-05-04,美中,休斯敦,"Houston, TX",69.6,79.6,20.9,26.4,Open-Meteo Historical Weather API (ECMWF IFS)
2026-05-05,美中,休斯敦,"Houston, TX",76.2,83.2,24.6,28.4,Open-Meteo Historical Weather API (ECMWF IFS)
2026-05-06,美中,休斯敦,"Houston, TX",79.1,85.6,26.2,29.8,Open-Meteo Historical Weather API (ECMWF IFS)
2026-05-07,美中,休斯敦,"Houston, TX",70.6,78.3,21.4,25.7,Open-Meteo Historical Weather API (ECMWF IFS)
2026-05-08,美中,休斯敦,"Houston, TX",70.8,76.8,21.6,24.9,Open-Meteo Historical Weather API (ECMWF IFS)
2026-05-09,美中,休斯敦,"Houston, TX",75.0,85.7,23.9,29.8,Open-Meteo Historical Weather API (ECMWF IFS)
2026-05-10,美中,休斯敦,"Houston, TX",77.5,86.3,25.3,30.2,Open-Meteo Historical Weather API (ECMWF IFS)
2026-05-11,美中,休斯敦,"Houston, TX",72.0,77.5,22.2,25.3,Open-Meteo Historical Weather API (ECMWF IFS)
2026-05-12,美中,休斯敦,"Houston, TX",74.4,83.9,23.6,28.8,Open-Meteo Historical Weather API (ECMWF IFS)
2026-05-13,美中,休斯敦,"Houston, TX",76.6,86.7,24.8,30.4,Open-Meteo Historical Weather API (ECMWF IFS)
2026-05-14,美中,休斯敦,"Houston, TX",77.5,87.7,25.3,30.9,Open-Meteo Historical Weather API (ECMWF IFS)
2026-05-15,美中,休斯敦,"Houston, TX",78.3,88.0,25.7,31.1,Open-Meteo Historical Weather API (ECMWF IFS)
2026-05-16,美中,休斯敦,"Houston, TX",79.5,88.2,26.4,31.2,Open-Meteo Historical Weather API (ECMWF IFS)
2026-05-17,美中,休斯敦,"Houston, TX",79.8,86.3,26.6,30.2,Open-Meteo Historical Weather API (ECMWF IFS)
2026-05-18,美中,休斯敦,"Houston, TX",79.8,86.5,26.6,30.3,Open-Meteo Historical Weather API (ECMWF IFS)
2026-05-19,美中,休斯敦,"Houston, TX",77.3,85.3,25.2,29.6,Open-Meteo Historical Weather API (ECMWF IFS)
2026-05-20,美中,休斯敦,"Houston, TX",72.9,79.4,22.7,26.3,Open-Meteo Historical Weather API (ECMWF IFS)
2026-05-21,美中,休斯敦,"Houston, TX",74.3,80.8,23.5,27.1,Open-Meteo Historical Weather API (ECMWF IFS)
2026-05-22,美中,休斯敦,"Houston, TX",76.0,85.9,24.4,29.9,Open-Meteo Historical Weather API (ECMWF IFS)
2026-05-23,美中,休斯敦,"Houston, TX",72.2,78.1,22.3,25.6,Open-Meteo Historical Weather API (ECMWF IFS)
2026-05-24,美中,休斯敦,"Houston, TX",75.5,83.8,24.2,28.8,Open-Meteo Historical Weather API (ECMWF IFS)
2026-05-25,美中,休斯敦,"Houston, TX",78.1,86.4,25.6,30.2,Open-Meteo Historical Weather API (ECMWF IFS)
2026-05-26,美中,休斯敦,"Houston, TX",78.4,87.2,25.8,30.7,Open-Meteo Historical Weather API (ECMWF IFS)
2026-05-27,美中,休斯敦,"Houston, TX",71.2,77.2,21.8,25.1,Open-Meteo Historical Weather API (ECMWF IFS)
2026-05-28,美中,休斯敦,"Houston, TX",76.8,86.5,24.9,30.3,Open-Meteo Historical Weather API (ECMWF IFS)
2026-05-29,美中,休斯敦,"Houston, TX",79.9,88.3,26.6,31.3,Open-Meteo Historical Weather API (ECMWF IFS)
2026-05-30,美中,休斯敦,"Houston, TX",80.9,89.4,27.2,31.9,Open-Meteo Historical Weather API (ECMWF IFS)
2026-05-31,美中,休斯敦,"Houston, TX",81.4,89.2,27.4,31.8,Open-Meteo Historical Weather API (ECMWF IFS)
2026-06-01,美中,休斯敦,"Houston, TX",81.3,90.5,27.4,32.5,Open-Meteo Historical Weather API (ECMWF IFS)
2026-06-02,美中,休斯敦,"Houston, TX",79.8,86.5,26.6,30.3,Open-Meteo Historical Weather API (ECMWF IFS)
2026-06-03,美中,休斯敦,"Houston, TX",75.5,79.7,24.2,26.5,Open-Meteo Historical Weather API (ECMWF IFS)
2026-06-04,美中,休斯敦,"Houston, TX",74.6,81.4,23.7,27.4,Open-Meteo Historical Weather API (ECMWF IFS)
2026-06-05,美中,休斯敦,"Houston, TX",77.8,83.0,25.4,28.3,Open-Meteo Historical Weather API (ECMWF IFS)
2026-06-06,美中,休斯敦,"Houston, TX",79.5,86.0,26.4,30.0,Open-Meteo Historical Weather API (ECMWF IFS)
2026-06-07,美中,休斯敦,"Houston, TX",80.3,85.6,26.8,29.8,Open-Meteo Historical Weather API (ECMWF IFS)
2026-06-08,美中,休斯敦,"Houston, TX",81.3,88.0,27.4,31.1,Open-Meteo Historical Weather API (ECMWF IFS)
2026-06-09,美中,休斯敦,"Houston, TX",82.0,88.5,27.8,31.4,Open-Meteo Historical Weather API (ECMWF IFS)
2026-06-10,美中,休斯敦,"Houston, TX",82.2,86.9,27.9,30.5,Open-Meteo Historical Weather API (ECMWF IFS)
2026-06-11,美中,休斯敦,"Houston, TX",82.3,87.5,27.9,30.8,Open-Meteo Historical Weather API (ECMWF IFS)
2026-06-12,美中,休斯敦,"Houston, TX",82.6,89.1,28.1,31.7,Open-Meteo Historical Weather API (ECMWF IFS)
2026-06-13,美中,休斯敦,"Houston, TX",82.8,89.1,28.2,31.7,Open-Meteo Historical Weather API (ECMWF IFS)
2026-06-14,美中,休斯敦,"Houston, TX",81.0,87.3,27.2,30.7,Open-Meteo Historical Weather API (ECMWF IFS)
2026-06-15,美中,休斯敦,"Houston, TX",76.9,78.8,24.9,26.0,Open-Meteo Historical Weather API (ECMWF IFS)
2026-06-16,美中,休斯敦,"Houston, TX",77.0,81.0,25.0,27.2,Open-Meteo Historical Weather API (ECMWF IFS)
2026-06-17,美中,休斯敦,"Houston, TX",79.7,86.0,26.5,30.0,Open-Meteo Historical Weather API (ECMWF IFS)
2026-06-18,美中,休斯敦,"Houston, TX",84.9,92.6,29.4,33.7,Open-Meteo Historical Weather API (ECMWF IFS)
2026-06-19,美中,休斯敦,"Houston, TX",81.9,89.2,27.7,31.8,Open-Meteo Historical Weather API (ECMWF IFS)
2026-06-20,美中,休斯敦,"Houston, TX",77.3,85.3,25.2,29.6,Open-Meteo Historical Weather API (ECMWF IFS)
2026-06-21,美中,休斯敦,"Houston, TX",80.0,87.1,26.7,30.6,Open-Meteo Historical Weather API (ECMWF IFS)
2026-06-22,美中,休斯敦,"Houston, TX",84.5,91.0,29.2,32.8,Open-Meteo Historical Weather API (ECMWF IFS)
2026-06-23,美中,休斯敦,"Houston, TX",84.6,90.7,29.2,32.6,Open-Meteo Historical Weather API (ECMWF IFS)
2026-06-24,美中,休斯敦,"Houston, TX",84.0,91.7,28.9,33.2,Open-Meteo Historical Weather API (ECMWF IFS)
2026-06-25,美中,休斯敦,"Houston, TX",82.8,91.1,28.2,32.8,Open-Meteo Historical Weather API (ECMWF IFS)
2026-06-26,美中,休斯敦,"Houston, TX",84.7,92.3,29.3,33.5,Open-Meteo Historical Weather API (ECMWF IFS)
2026-06-27,美中,休斯敦,"Houston, TX",85.5,94.2,29.7,34.6,Open-Meteo Historical Weather API (ECMWF IFS)
2026-06-28,美中,休斯敦,"Houston, TX",86.6,94.5,30.3,34.7,Open-Meteo Historical Weather API (ECMWF IFS)
2026-06-29,美中,休斯敦,"Houston, TX",87.1,95.6,30.6,35.3,Open-Meteo Historical Weather API (ECMWF IFS)
2026-06-30,美中,休斯敦,"Houston, TX",85.3,93.1,29.6,33.9,Open-Meteo Historical Weather API (ECMWF IFS)
2026-07-01,美中,休斯敦,"Houston, TX",86.4,95.1,30.2,35.1,Open-Meteo Historical Weather API (ECMWF IFS)
2026-07-02,美中,休斯敦,"Houston, TX",84.3,95.5,29.1,35.3,Open-Meteo Historical Weather API (ECMWF IFS)
2026-07-03,美中,休斯敦,"Houston, TX",84.6,93.7,29.2,34.3,Open-Meteo Historical Weather API (ECMWF IFS)
2026-07-04,美中,休斯敦,"Houston, TX",86.1,97.0,30.1,36.1,Open-Meteo Historical Weather API (ECMWF IFS)
2026-07-05,美中,休斯敦,"Houston, TX",87.6,97.3,30.9,36.3,Open-Meteo Historical Weather API (ECMWF IFS)
2026-07-06,美中,休斯敦,"Houston, TX",86.6,95.0,30.3,35.0,Open-Meteo Historical Weather API (ECMWF IFS)
2026-07-07,美中,休斯敦,"Houston, TX",83.3,91.7,28.5,33.2,Open-Meteo Historical Weather API (ECMWF IFS)
2026-07-08,美中,休斯敦,"Houston, TX",82.5,90.0,28.1,32.2,Open-Meteo Historical Weather API (ECMWF IFS)
2026-07-09,美中,休斯敦,"Houston, TX",83.4,91.0,28.6,32.8,Open-Meteo Historical Weather API (ECMWF IFS)
2026-07-10,美中,休斯敦,"Houston, TX",81.7,88.6,27.6,31.4,Open-Meteo Historical Weather API (ECMWF IFS)
2026-07-11,美中,休斯敦,"Houston, TX",80.7,87.1,27.1,30.6,Open-Meteo Historical Weather API (ECMWF IFS)
2026-07-12,美中,休斯敦,"Houston, TX",82.1,89.4,27.8,31.9,Open-Meteo Historical Weather API (ECMWF IFS)
2026-07-13,美中,休斯敦,"Houston, TX",79.3,87.1,26.3,30.6,Open-Meteo Historical Weather API (ECMWF IFS)
2026-07-14,美中,休斯敦,"Houston, TX",75.4,79.5,24.1,26.4,Open-Meteo Historical Weather API (ECMWF IFS)
2026-07-15,美中,休斯敦,"Houston, TX",78.6,82.1,25.9,27.8,Open-Meteo Historical Weather API (ECMWF IFS)
2026-07-16,美中,休斯敦,"Houston, TX",81.9,89.4,27.7,31.9,Open-Meteo Historical Weather API (ECMWF IFS)
2026-05-01,美南,亚特兰大,"Atlanta, GA",60.2,64.6,15.7,18.1,Open-Meteo Historical Weather API (ECMWF IFS)
2026-05-02,美南,亚特兰大,"Atlanta, GA",59.9,68.8,15.5,20.4,Open-Meteo Historical Weather API (ECMWF IFS)
2026-05-03,美南,亚特兰大,"Atlanta, GA",57.1,68.7,13.9,20.4,Open-Meteo Historical Weather API (ECMWF IFS)
2026-05-04,美南,亚特兰大,"Atlanta, GA",62.3,77.1,16.8,25.1,Open-Meteo Historical Weather API (ECMWF IFS)
2026-05-05,美南,亚特兰大,"Atlanta, GA",67.8,80.3,19.9,26.8,Open-Meteo Historical Weather API (ECMWF IFS)
2026-05-06,美南,亚特兰大,"Atlanta, GA",71.2,82.0,21.8,27.8,Open-Meteo Historical Weather API (ECMWF IFS)
2026-05-07,美南,亚特兰大,"Atlanta, GA",66.7,72.4,19.3,22.4,Open-Meteo Historical Weather API (ECMWF IFS)
2026-05-08,美南,亚特兰大,"Atlanta, GA",61.8,70.7,16.6,21.5,Open-Meteo Historical Weather API (ECMWF IFS)
2026-05-09,美南,亚特兰大,"Atlanta, GA",64.4,74.3,18.0,23.5,Open-Meteo Historical Weather API (ECMWF IFS)
2026-05-10,美南,亚特兰大,"Atlanta, GA",68.6,81.0,20.3,27.2,Open-Meteo Historical Weather API (ECMWF IFS)
2026-05-11,美南,亚特兰大,"Atlanta, GA",69.0,78.6,20.6,25.9,Open-Meteo Historical Weather API (ECMWF IFS)
2026-05-12,美南,亚特兰大,"Atlanta, GA",65.1,71.6,18.4,22.0,Open-Meteo Historical Weather API (ECMWF IFS)
2026-05-13,美南,亚特兰大,"Atlanta, GA",67.1,78.3,19.5,25.7,Open-Meteo Historical Weather API (ECMWF IFS)
2026-05-14,美南,亚特兰大,"Atlanta, GA",66.8,74.0,19.3,23.3,Open-Meteo Historical Weather API (ECMWF IFS)
2026-05-15,美南,亚特兰大,"Atlanta, GA",65.0,77.9,18.3,25.5,Open-Meteo Historical Weather API (ECMWF IFS)
2026-05-16,美南,亚特兰大,"Atlanta, GA",71.8,84.7,22.1,29.3,Open-Meteo Historical Weather API (ECMWF IFS)
2026-05-17,美南,亚特兰大,"Atlanta, GA",76.1,86.7,24.5,30.4,Open-Meteo Historical Weather API (ECMWF IFS)
2026-05-18,美南,亚特兰大,"Atlanta, GA",76.1,86.9,24.5,30.5,Open-Meteo Historical Weather API (ECMWF IFS)
2026-05-19,美南,亚特兰大,"Atlanta, GA",77.5,87.9,25.3,31.1,Open-Meteo Historical Weather API (ECMWF IFS)
2026-05-20,美南,亚特兰大,"Atlanta, GA",77.8,88.5,25.4,31.4,Open-Meteo Historical Weather API (ECMWF IFS)
2026-05-21,美南,亚特兰大,"Atlanta, GA",74.7,85.3,23.7,29.6,Open-Meteo Historical Weather API (ECMWF IFS)
2026-05-22,美南,亚特兰大,"Atlanta, GA",73.6,84.4,23.1,29.1,Open-Meteo Historical Weather API (ECMWF IFS)
2026-05-23,美南,亚特兰大,"Atlanta, GA",71.6,80.3,22.0,26.8,Open-Meteo Historical Weather API (ECMWF IFS)
2026-05-24,美南,亚特兰大,"Atlanta, GA",71.1,79.3,21.7,26.3,Open-Meteo Historical Weather API (ECMWF IFS)
2026-05-25,美南,亚特兰大,"Atlanta, GA",72.4,80.6,22.4,27.0,Open-Meteo Historical Weather API (ECMWF IFS)
2026-05-26,美南,亚特兰大,"Atlanta, GA",72.3,81.3,22.4,27.4,Open-Meteo Historical Weather API (ECMWF IFS)
2026-05-27,美南,亚特兰大,"Atlanta, GA",74.6,82.1,23.7,27.8,Open-Meteo Historical Weather API (ECMWF IFS)
2026-05-28,美南,亚特兰大,"Atlanta, GA",75.5,84.8,24.2,29.3,Open-Meteo Historical Weather API (ECMWF IFS)
2026-05-29,美南,亚特兰大,"Atlanta, GA",73.5,82.5,23.1,28.1,Open-Meteo Historical Weather API (ECMWF IFS)
2026-05-30,美南,亚特兰大,"Atlanta, GA",74.5,82.3,23.6,27.9,Open-Meteo Historical Weather API (ECMWF IFS)
2026-05-31,美南,亚特兰大,"Atlanta, GA",70.4,75.9,21.3,24.4,Open-Meteo Historical Weather API (ECMWF IFS)
2026-06-01,美南,亚特兰大,"Atlanta, GA",71.4,81.9,21.9,27.7,Open-Meteo Historical Weather API (ECMWF IFS)
2026-06-02,美南,亚特兰大,"Atlanta, GA",71.1,79.9,21.7,26.6,Open-Meteo Historical Weather API (ECMWF IFS)
2026-06-03,美南,亚特兰大,"Atlanta, GA",66.7,76.1,19.3,24.5,Open-Meteo Historical Weather API (ECMWF IFS)
2026-06-04,美南,亚特兰大,"Atlanta, GA",68.8,79.9,20.4,26.6,Open-Meteo Historical Weather API (ECMWF IFS)
2026-06-05,美南,亚特兰大,"Atlanta, GA",71.6,82.9,22.0,28.3,Open-Meteo Historical Weather API (ECMWF IFS)
2026-06-06,美南,亚特兰大,"Atlanta, GA",74.1,84.7,23.4,29.3,Open-Meteo Historical Weather API (ECMWF IFS)
2026-06-07,美南,亚特兰大,"Atlanta, GA",73.1,82.0,22.8,27.8,Open-Meteo Historical Weather API (ECMWF IFS)
2026-06-08,美南,亚特兰大,"Atlanta, GA",74.2,82.2,23.4,27.9,Open-Meteo Historical Weather API (ECMWF IFS)
2026-06-09,美南,亚特兰大,"Atlanta, GA",74.2,80.3,23.4,26.8,Open-Meteo Historical Weather API (ECMWF IFS)
2026-06-10,美南,亚特兰大,"Atlanta, GA",77.5,86.5,25.3,30.3,Open-Meteo Historical Weather API (ECMWF IFS)
2026-06-11,美南,亚特兰大,"Atlanta, GA",80.5,89.5,26.9,31.9,Open-Meteo Historical Weather API (ECMWF IFS)
2026-06-12,美南,亚特兰大,"Atlanta, GA",81.5,90.5,27.5,32.5,Open-Meteo Historical Weather API (ECMWF IFS)
2026-06-13,美南,亚特兰大,"Atlanta, GA",81.9,90.9,27.7,32.7,Open-Meteo Historical Weather API (ECMWF IFS)
2026-06-14,美南,亚特兰大,"Atlanta, GA",80.2,89.0,26.8,31.7,Open-Meteo Historical Weather API (ECMWF IFS)
2026-06-15,美南,亚特兰大,"Atlanta, GA",75.5,81.6,24.2,27.6,Open-Meteo Historical Weather API (ECMWF IFS)
2026-06-16,美南,亚特兰大,"Atlanta, GA",69.8,72.7,21.0,22.6,Open-Meteo Historical Weather API (ECMWF IFS)
2026-06-17,美南,亚特兰大,"Atlanta, GA",75.1,84.4,23.9,29.1,Open-Meteo Historical Weather API (ECMWF IFS)
2026-06-18,美南,亚特兰大,"Atlanta, GA",75.3,84.3,24.1,29.1,Open-Meteo Historical Weather API (ECMWF IFS)
2026-06-19,美南,亚特兰大,"Atlanta, GA",77.5,86.3,25.3,30.2,Open-Meteo Historical Weather API (ECMWF IFS)
2026-06-20,美南,亚特兰大,"Atlanta, GA",76.4,84.3,24.7,29.1,Open-Meteo Historical Weather API (ECMWF IFS)
2026-06-21,美南,亚特兰大,"Atlanta, GA",76.2,83.1,24.6,28.4,Open-Meteo Historical Weather API (ECMWF IFS)
2026-06-22,美南,亚特兰大,"Atlanta, GA",77.8,86.0,25.4,30.0,Open-Meteo Historical Weather API (ECMWF IFS)
2026-06-23,美南,亚特兰大,"Atlanta, GA",74.5,80.8,23.6,27.1,Open-Meteo Historical Weather API (ECMWF IFS)
2026-06-24,美南,亚特兰大,"Atlanta, GA",73.9,83.6,23.3,28.7,Open-Meteo Historical Weather API (ECMWF IFS)
2026-06-25,美南,亚特兰大,"Atlanta, GA",74.8,83.3,23.8,28.5,Open-Meteo Historical Weather API (ECMWF IFS)
2026-06-26,美南,亚特兰大,"Atlanta, GA",78.5,88.2,25.8,31.2,Open-Meteo Historical Weather API (ECMWF IFS)
2026-06-27,美南,亚特兰大,"Atlanta, GA",81.0,89.4,27.2,31.9,Open-Meteo Historical Weather API (ECMWF IFS)
2026-06-28,美南,亚特兰大,"Atlanta, GA",82.8,91.1,28.2,32.8,Open-Meteo Historical Weather API (ECMWF IFS)
2026-06-29,美南,亚特兰大,"Atlanta, GA",85.1,94.6,29.5,34.8,Open-Meteo Historical Weather API (ECMWF IFS)
2026-06-30,美南,亚特兰大,"Atlanta, GA",85.0,94.5,29.4,34.7,Open-Meteo Historical Weather API (ECMWF IFS)
2026-07-01,美南,亚特兰大,"Atlanta, GA",83.3,91.8,28.5,33.2,Open-Meteo Historical Weather API (ECMWF IFS)
2026-07-02,美南,亚特兰大,"Atlanta, GA",84.1,95.4,28.9,35.2,Open-Meteo Historical Weather API (ECMWF IFS)
2026-07-03,美南,亚特兰大,"Atlanta, GA",83.8,90.1,28.8,32.3,Open-Meteo Historical Weather API (ECMWF IFS)
2026-07-04,美南,亚特兰大,"Atlanta, GA",83.1,92.6,28.4,33.7,Open-Meteo Historical Weather API (ECMWF IFS)
2026-07-05,美南,亚特兰大,"Atlanta, GA",81.2,93.0,27.3,33.9,Open-Meteo Historical Weather API (ECMWF IFS)
2026-07-06,美南,亚特兰大,"Atlanta, GA",79.6,90.5,26.4,32.5,Open-Meteo Historical Weather API (ECMWF IFS)
2026-07-07,美南,亚特兰大,"Atlanta, GA",82.0,92.1,27.8,33.4,Open-Meteo Historical Weather API (ECMWF IFS)
2026-07-08,美南,亚特兰大,"Atlanta, GA",83.4,92.4,28.6,33.6,Open-Meteo Historical Weather API (ECMWF IFS)
2026-07-09,美南,亚特兰大,"Atlanta, GA",81.9,91.9,27.7,33.3,Open-Meteo Historical Weather API (ECMWF IFS)
2026-07-10,美南,亚特兰大,"Atlanta, GA",79.8,90.7,26.6,32.6,Open-Meteo Historical Weather API (ECMWF IFS)
2026-07-11,美南,亚特兰大,"Atlanta, GA",79.8,89.3,26.6,31.8,Open-Meteo Historical Weather API (ECMWF IFS)
2026-07-12,美南,亚特兰大,"Atlanta, GA",78.1,88.4,25.6,31.3,Open-Meteo Historical Weather API (ECMWF IFS)
2026-07-13,美南,亚特兰大,"Atlanta, GA",75.1,81.7,23.9,27.6,Open-Meteo Historical Weather API (ECMWF IFS)
2026-07-14,美南,亚特兰大,"Atlanta, GA",74.9,83.1,23.8,28.4,Open-Meteo Historical Weather API (ECMWF IFS)
2026-07-15,美南,亚特兰大,"Atlanta, GA",78.3,85.9,25.7,29.9,Open-Meteo Historical Weather API (ECMWF IFS)
2026-07-16,美南,亚特兰大,"Atlanta, GA",79.4,88.7,26.3,31.5,Open-Meteo Historical Weather API (ECMWF IFS)
2026-05-01,美南,萨凡纳,"Savannah, GA",68.2,72.3,20.1,22.4,Open-Meteo Historical Weather API (ECMWF IFS)
2026-05-02,美南,萨凡纳,"Savannah, GA",62.4,65.1,16.9,18.4,Open-Meteo Historical Weather API (ECMWF IFS)
2026-05-03,美南,萨凡纳,"Savannah, GA",60.2,70.2,15.7,21.2,Open-Meteo Historical Weather API (ECMWF IFS)
2026-05-04,美南,萨凡纳,"Savannah, GA",64.5,75.2,18.1,24.0,Open-Meteo Historical Weather API (ECMWF IFS)
2026-05-05,美南,萨凡纳,"Savannah, GA",68.5,76.7,20.3,24.8,Open-Meteo Historical Weather API (ECMWF IFS)
2026-05-06,美南,萨凡纳,"Savannah, GA",73.5,86.6,23.1,30.3,Open-Meteo Historical Weather API (ECMWF IFS)
2026-05-07,美南,萨凡纳,"Savannah, GA",74.5,79.7,23.6,26.5,Open-Meteo Historical Weather API (ECMWF IFS)
2026-05-08,美南,萨凡纳,"Savannah, GA",69.2,74.6,20.7,23.7,Open-Meteo Historical Weather API (ECMWF IFS)
2026-05-09,美南,萨凡纳,"Savannah, GA",70.3,81.1,21.3,27.3,Open-Meteo Historical Weather API (ECMWF IFS)
2026-05-10,美南,萨凡纳,"Savannah, GA",72.9,83.2,22.7,28.4,Open-Meteo Historical Weather API (ECMWF IFS)
2026-05-11,美南,萨凡纳,"Savannah, GA",76.9,89.8,24.9,32.1,Open-Meteo Historical Weather API (ECMWF IFS)
2026-05-12,美南,萨凡纳,"Savannah, GA",66.2,70.9,19.0,21.6,Open-Meteo Historical Weather API (ECMWF IFS)
2026-05-13,美南,萨凡纳,"Savannah, GA",67.3,75.7,19.6,24.3,Open-Meteo Historical Weather API (ECMWF IFS)
2026-05-14,美南,萨凡纳,"Savannah, GA",71.8,82.0,22.1,27.8,Open-Meteo Historical Weather API (ECMWF IFS)
2026-05-15,美南,萨凡纳,"Savannah, GA",65.8,75.7,18.8,24.3,Open-Meteo Historical Weather API (ECMWF IFS)
2026-05-16,美南,萨凡纳,"Savannah, GA",72.2,81.1,22.3,27.3,Open-Meteo Historical Weather API (ECMWF IFS)
2026-05-17,美南,萨凡纳,"Savannah, GA",77.0,84.7,25.0,29.3,Open-Meteo Historical Weather API (ECMWF IFS)
2026-05-18,美南,萨凡纳,"Savannah, GA",75.8,82.3,24.3,27.9,Open-Meteo Historical Weather API (ECMWF IFS)
2026-05-19,美南,萨凡纳,"Savannah, GA",75.8,84.3,24.3,29.1,Open-Meteo Historical Weather API (ECMWF IFS)
2026-05-20,美南,萨凡纳,"Savannah, GA",76.2,86.4,24.6,30.2,Open-Meteo Historical Weather API (ECMWF IFS)
2026-05-21,美南,萨凡纳,"Savannah, GA",77.6,86.4,25.3,30.2,Open-Meteo Historical Weather API (ECMWF IFS)
2026-05-22,美南,萨凡纳,"Savannah, GA",79.8,87.1,26.6,30.6,Open-Meteo Historical Weather API (ECMWF IFS)
2026-05-23,美南,萨凡纳,"Savannah, GA",79.9,87.3,26.6,30.7,Open-Meteo Historical Weather API (ECMWF IFS)
2026-05-24,美南,萨凡纳,"Savannah, GA",78.1,84.8,25.6,29.3,Open-Meteo Historical Weather API (ECMWF IFS)
2026-05-25,美南,萨凡纳,"Savannah, GA",78.8,84.4,26.0,29.1,Open-Meteo Historical Weather API (ECMWF IFS)
2026-05-26,美南,萨凡纳,"Savannah, GA",80.2,87.1,26.8,30.6,Open-Meteo Historical Weather API (ECMWF IFS)
2026-05-27,美南,萨凡纳,"Savannah, GA",79.3,88.6,26.3,31.4,Open-Meteo Historical Weather API (ECMWF IFS)
2026-05-28,美南,萨凡纳,"Savannah, GA",78.4,86.7,25.8,30.4,Open-Meteo Historical Weather API (ECMWF IFS)
2026-05-29,美南,萨凡纳,"Savannah, GA",78.2,84.7,25.7,29.3,Open-Meteo Historical Weather API (ECMWF IFS)
2026-05-30,美南,萨凡纳,"Savannah, GA",77.5,86.1,25.3,30.1,Open-Meteo Historical Weather API (ECMWF IFS)
2026-05-31,美南,萨凡纳,"Savannah, GA",75.4,79.1,24.1,26.2,Open-Meteo Historical Weather API (ECMWF IFS)
2026-06-01,美南,萨凡纳,"Savannah, GA",75.2,83.3,24.0,28.5,Open-Meteo Historical Weather API (ECMWF IFS)
2026-06-02,美南,萨凡纳,"Savannah, GA",74.1,78.9,23.4,26.1,Open-Meteo Historical Weather API (ECMWF IFS)
2026-06-03,美南,萨凡纳,"Savannah, GA",69.9,79.3,21.1,26.3,Open-Meteo Historical Weather API (ECMWF IFS)
2026-06-04,美南,萨凡纳,"Savannah, GA",71.1,82.8,21.7,28.2,Open-Meteo Historical Weather API (ECMWF IFS)
2026-06-05,美南,萨凡纳,"Savannah, GA",73.8,85.5,23.2,29.7,Open-Meteo Historical Weather API (ECMWF IFS)
2026-06-06,美南,萨凡纳,"Savannah, GA",76.5,85.6,24.7,29.8,Open-Meteo Historical Weather API (ECMWF IFS)
2026-06-07,美南,萨凡纳,"Savannah, GA",77.9,87.1,25.5,30.6,Open-Meteo Historical Weather API (ECMWF IFS)
2026-06-08,美南,萨凡纳,"Savannah, GA",80.0,88.1,26.7,31.2,Open-Meteo Historical Weather API (ECMWF IFS)
2026-06-09,美南,萨凡纳,"Savannah, GA",80.6,88.4,27.0,31.3,Open-Meteo Historical Weather API (ECMWF IFS)
2026-06-10,美南,萨凡纳,"Savannah, GA",81.3,89.8,27.4,32.1,Open-Meteo Historical Weather API (ECMWF IFS)
2026-06-11,美南,萨凡纳,"Savannah, GA",82.4,91.4,28.0,33.0,Open-Meteo Historical Weather API (ECMWF IFS)
2026-06-12,美南,萨凡纳,"Savannah, GA",84.8,95.3,29.3,35.2,Open-Meteo Historical Weather API (ECMWF IFS)
2026-06-13,美南,萨凡纳,"Savannah, GA",84.4,94.4,29.1,34.7,Open-Meteo Historical Weather API (ECMWF IFS)
2026-06-14,美南,萨凡纳,"Savannah, GA",80.6,95.3,27.0,35.2,Open-Meteo Historical Weather API (ECMWF IFS)
2026-06-15,美南,萨凡纳,"Savannah, GA",81.7,90.4,27.6,32.4,Open-Meteo Historical Weather API (ECMWF IFS)
2026-06-16,美南,萨凡纳,"Savannah, GA",77.7,83.5,25.4,28.6,Open-Meteo Historical Weather API (ECMWF IFS)
2026-06-17,美南,萨凡纳,"Savannah, GA",78.7,85.6,25.9,29.8,Open-Meteo Historical Weather API (ECMWF IFS)
2026-06-18,美南,萨凡纳,"Savannah, GA",80.6,88.1,27.0,31.2,Open-Meteo Historical Weather API (ECMWF IFS)
2026-06-19,美南,萨凡纳,"Savannah, GA",76.6,80.8,24.8,27.1,Open-Meteo Historical Weather API (ECMWF IFS)
2026-06-20,美南,萨凡纳,"Savannah, GA",77.5,88.4,25.3,31.3,Open-Meteo Historical Weather API (ECMWF IFS)
2026-06-21,美南,萨凡纳,"Savannah, GA",77.6,89.1,25.3,31.7,Open-Meteo Historical Weather API (ECMWF IFS)
2026-06-22,美南,萨凡纳,"Savannah, GA",80.1,88.7,26.7,31.5,Open-Meteo Historical Weather API (ECMWF IFS)
2026-06-23,美南,萨凡纳,"Savannah, GA",82.5,92.1,28.1,33.4,Open-Meteo Historical Weather API (ECMWF IFS)
2026-06-24,美南,萨凡纳,"Savannah, GA",77.6,83.8,25.3,28.8,Open-Meteo Historical Weather API (ECMWF IFS)
2026-06-25,美南,萨凡纳,"Savannah, GA",79.6,87.4,26.4,30.8,Open-Meteo Historical Weather API (ECMWF IFS)
2026-06-26,美南,萨凡纳,"Savannah, GA",80.6,90.2,27.0,32.3,Open-Meteo Historical Weather API (ECMWF IFS)
2026-06-27,美南,萨凡纳,"Savannah, GA",81.1,91.6,27.3,33.1,Open-Meteo Historical Weather API (ECMWF IFS)
2026-06-28,美南,萨凡纳,"Savannah, GA",84.6,94.7,29.2,34.8,Open-Meteo Historical Weather API (ECMWF IFS)
2026-06-29,美南,萨凡纳,"Savannah, GA",85.3,94.3,29.6,34.6,Open-Meteo Historical Weather API (ECMWF IFS)
2026-06-30,美南,萨凡纳,"Savannah, GA",83.3,91.1,28.5,32.8,Open-Meteo Historical Weather API (ECMWF IFS)
2026-07-01,美南,萨凡纳,"Savannah, GA",82.2,90.0,27.9,32.2,Open-Meteo Historical Weather API (ECMWF IFS)
2026-07-02,美南,萨凡纳,"Savannah, GA",82.3,92.5,27.9,33.6,Open-Meteo Historical Weather API (ECMWF IFS)
2026-07-03,美南,萨凡纳,"Savannah, GA",83.2,94.5,28.4,34.7,Open-Meteo Historical Weather API (ECMWF IFS)
2026-07-04,美南,萨凡纳,"Savannah, GA",83.4,94.5,28.6,34.7,Open-Meteo Historical Weather API (ECMWF IFS)
2026-07-05,美南,萨凡纳,"Savannah, GA",84.4,92.1,29.1,33.4,Open-Meteo Historical Weather API (ECMWF IFS)
2026-07-06,美南,萨凡纳,"Savannah, GA",84.2,95.1,29.0,35.1,Open-Meteo Historical Weather API (ECMWF IFS)
2026-07-07,美南,萨凡纳,"Savannah, GA",85.5,96.4,29.7,35.8,Open-Meteo Historical Weather API (ECMWF IFS)
2026-07-08,美南,萨凡纳,"Savannah, GA",86.5,96.5,30.3,35.8,Open-Meteo Historical Weather API (ECMWF IFS)
2026-07-09,美南,萨凡纳,"Savannah, GA",87.1,98.9,30.6,37.2,Open-Meteo Historical Weather API (ECMWF IFS)
2026-07-10,美南,萨凡纳,"Savannah, GA",85.1,97.5,29.5,36.4,Open-Meteo Historical Weather API (ECMWF IFS)
2026-07-11,美南,萨凡纳,"Savannah, GA",85.3,97.7,29.6,36.5,Open-Meteo Historical Weather API (ECMWF IFS)
2026-07-12,美南,萨凡纳,"Savannah, GA",83.5,94.7,28.6,34.8,Open-Meteo Historical Weather API (ECMWF IFS)
2026-07-13,美南,萨凡纳,"Savannah, GA",79.6,89.5,26.4,31.9,Open-Meteo Historical Weather API (ECMWF IFS)
2026-07-14,美南,萨凡纳,"Savannah, GA",77.8,85.2,25.4,29.6,Open-Meteo Historical Weather API (ECMWF IFS)
2026-07-15,美南,萨凡纳,"Savannah, GA",80.4,87.5,26.9,30.8,Open-Meteo Historical Weather API (ECMWF IFS)
2026-07-16,美南,萨凡纳,"Savannah, GA",82.2,91.9,27.9,33.3,Open-Meteo Historical Weather API (ECMWF IFS)
2026-05-01,芝加哥,芝加哥,"Chicago, IL",42.6,46.0,5.9,7.8,Open-Meteo Historical Weather API (ECMWF IFS)
2026-05-02,芝加哥,芝加哥,"Chicago, IL",45.1,52.7,7.3,11.5,Open-Meteo Historical Weather API (ECMWF IFS)
2026-05-03,芝加哥,芝加哥,"Chicago, IL",53.0,64.2,11.7,17.9,Open-Meteo Historical Weather API (ECMWF IFS)
2026-05-04,芝加哥,芝加哥,"Chicago, IL",62.3,76.9,16.8,24.9,Open-Meteo Historical Weather API (ECMWF IFS)
2026-05-05,芝加哥,芝加哥,"Chicago, IL",54.3,59.7,12.4,15.4,Open-Meteo Historical Weather API (ECMWF IFS)
2026-05-06,芝加哥,芝加哥,"Chicago, IL",50.9,57.3,10.5,14.1,Open-Meteo Historical Weather API (ECMWF IFS)
2026-05-07,芝加哥,芝加哥,"Chicago, IL",50.1,59.8,10.1,15.4,Open-Meteo Historical Weather API (ECMWF IFS)
2026-05-08,芝加哥,芝加哥,"Chicago, IL",54.8,61.3,12.7,16.3,Open-Meteo Historical Weather API (ECMWF IFS)
2026-05-09,芝加哥,芝加哥,"Chicago, IL",61.0,74.9,16.1,23.8,Open-Meteo Historical Weather API (ECMWF IFS)
2026-05-10,芝加哥,芝加哥,"Chicago, IL",53.5,59.2,11.9,15.1,Open-Meteo Historical Weather API (ECMWF IFS)
2026-05-11,芝加哥,芝加哥,"Chicago, IL",48.5,54.1,9.2,12.3,Open-Meteo Historical Weather API (ECMWF IFS)
2026-05-12,芝加哥,芝加哥,"Chicago, IL",59.3,74.2,15.2,23.4,Open-Meteo Historical Weather API (ECMWF IFS)
2026-05-13,芝加哥,芝加哥,"Chicago, IL",53.3,65.4,11.8,18.6,Open-Meteo Historical Weather API (ECMWF IFS)
2026-05-14,芝加哥,芝加哥,"Chicago, IL",54.3,61.8,12.4,16.6,Open-Meteo Historical Weather API (ECMWF IFS)
2026-05-15,芝加哥,芝加哥,"Chicago, IL",63.2,73.0,17.3,22.8,Open-Meteo Historical Weather API (ECMWF IFS)
2026-05-16,芝加哥,芝加哥,"Chicago, IL",72.6,83.2,22.6,28.4,Open-Meteo Historical Weather API (ECMWF IFS)
2026-05-17,芝加哥,芝加哥,"Chicago, IL",76.6,86.5,24.8,30.3,Open-Meteo Historical Weather API (ECMWF IFS)
2026-05-18,芝加哥,芝加哥,"Chicago, IL",74.6,79.4,23.7,26.3,Open-Meteo Historical Weather API (ECMWF IFS)
2026-05-19,芝加哥,芝加哥,"Chicago, IL",71.7,79.9,22.1,26.6,Open-Meteo Historical Weather API (ECMWF IFS)
2026-05-20,芝加哥,芝加哥,"Chicago, IL",55.0,61.9,12.8,16.6,Open-Meteo Historical Weather API (ECMWF IFS)
2026-05-21,芝加哥,芝加哥,"Chicago, IL",52.7,56.3,11.5,13.5,Open-Meteo Historical Weather API (ECMWF IFS)
2026-05-22,芝加哥,芝加哥,"Chicago, IL",58.0,62.4,14.4,16.9,Open-Meteo Historical Weather API (ECMWF IFS)
2026-05-23,芝加哥,芝加哥,"Chicago, IL",58.7,63.1,14.8,17.3,Open-Meteo Historical Weather API (ECMWF IFS)
2026-05-24,芝加哥,芝加哥,"Chicago, IL",62.7,67.9,17.1,19.9,Open-Meteo Historical Weather API (ECMWF IFS)
2026-05-25,芝加哥,芝加哥,"Chicago, IL",69.2,78.0,20.7,25.6,Open-Meteo Historical Weather API (ECMWF IFS)
2026-05-26,芝加哥,芝加哥,"Chicago, IL",72.4,79.3,22.4,26.3,Open-Meteo Historical Weather API (ECMWF IFS)
2026-05-27,芝加哥,芝加哥,"Chicago, IL",67.9,75.1,19.9,23.9,Open-Meteo Historical Weather API (ECMWF IFS)
2026-05-28,芝加哥,芝加哥,"Chicago, IL",60.0,63.8,15.6,17.7,Open-Meteo Historical Weather API (ECMWF IFS)
2026-05-29,芝加哥,芝加哥,"Chicago, IL",66.8,78.3,19.3,25.7,Open-Meteo Historical Weather API (ECMWF IFS)
2026-05-30,芝加哥,芝加哥,"Chicago, IL",64.3,67.6,17.9,19.8,Open-Meteo Historical Weather API (ECMWF IFS)
2026-05-31,芝加哥,芝加哥,"Chicago, IL",62.2,67.8,16.8,19.9,Open-Meteo Historical Weather API (ECMWF IFS)
2026-06-01,芝加哥,芝加哥,"Chicago, IL",61.0,66.6,16.1,19.2,Open-Meteo Historical Weather API (ECMWF IFS)
2026-06-02,芝加哥,芝加哥,"Chicago, IL",63.2,69.4,17.3,20.8,Open-Meteo Historical Weather API (ECMWF IFS)
2026-06-03,芝加哥,芝加哥,"Chicago, IL",66.9,76.6,19.4,24.8,Open-Meteo Historical Weather API (ECMWF IFS)
2026-06-04,芝加哥,芝加哥,"Chicago, IL",76.3,86.2,24.6,30.1,Open-Meteo Historical Weather API (ECMWF IFS)
2026-06-05,芝加哥,芝加哥,"Chicago, IL",72.5,76.8,22.5,24.9,Open-Meteo Historical Weather API (ECMWF IFS)
2026-06-06,芝加哥,芝加哥,"Chicago, IL",71.1,80.0,21.7,26.7,Open-Meteo Historical Weather API (ECMWF IFS)
2026-06-07,芝加哥,芝加哥,"Chicago, IL",68.7,73.9,20.4,23.3,Open-Meteo Historical Weather API (ECMWF IFS)
2026-06-08,芝加哥,芝加哥,"Chicago, IL",72.1,79.3,22.3,26.3,Open-Meteo Historical Weather API (ECMWF IFS)
2026-06-09,芝加哥,芝加哥,"Chicago, IL",76.7,85.7,24.8,29.8,Open-Meteo Historical Weather API (ECMWF IFS)
2026-06-10,芝加哥,芝加哥,"Chicago, IL",75.8,87.4,24.3,30.8,Open-Meteo Historical Weather API (ECMWF IFS)
2026-06-11,芝加哥,芝加哥,"Chicago, IL",73.6,81.7,23.1,27.6,Open-Meteo Historical Weather API (ECMWF IFS)
2026-06-12,芝加哥,芝加哥,"Chicago, IL",71.0,78.7,21.7,25.9,Open-Meteo Historical Weather API (ECMWF IFS)
2026-06-13,芝加哥,芝加哥,"Chicago, IL",73.2,82.2,22.9,27.9,Open-Meteo Historical Weather API (ECMWF IFS)
2026-06-14,芝加哥,芝加哥,"Chicago, IL",65.8,70.5,18.8,21.4,Open-Meteo Historical Weather API (ECMWF IFS)
2026-06-15,芝加哥,芝加哥,"Chicago, IL",65.8,74.3,18.8,23.5,Open-Meteo Historical Weather API (ECMWF IFS)
2026-06-16,芝加哥,芝加哥,"Chicago, IL",66.8,72.7,19.3,22.6,Open-Meteo Historical Weather API (ECMWF IFS)
2026-06-17,芝加哥,芝加哥,"Chicago, IL",63.2,69.1,17.3,20.6,Open-Meteo Historical Weather API (ECMWF IFS)
2026-06-18,芝加哥,芝加哥,"Chicago, IL",66.7,70.4,19.3,21.3,Open-Meteo Historical Weather API (ECMWF IFS)
2026-06-19,芝加哥,芝加哥,"Chicago, IL",68.1,75.1,20.1,23.9,Open-Meteo Historical Weather API (ECMWF IFS)
2026-06-20,芝加哥,芝加哥,"Chicago, IL",69.5,76.6,20.8,24.8,Open-Meteo Historical Weather API (ECMWF IFS)
2026-06-21,芝加哥,芝加哥,"Chicago, IL",65.6,71.7,18.7,22.1,Open-Meteo Historical Weather API (ECMWF IFS)
2026-06-22,芝加哥,芝加哥,"Chicago, IL",62.8,66.2,17.1,19.0,Open-Meteo Historical Weather API (ECMWF IFS)
2026-06-23,芝加哥,芝加哥,"Chicago, IL",63.1,67.5,17.3,19.7,Open-Meteo Historical Weather API (ECMWF IFS)
2026-06-24,芝加哥,芝加哥,"Chicago, IL",64.2,71.0,17.9,21.7,Open-Meteo Historical Weather API (ECMWF IFS)
2026-06-25,芝加哥,芝加哥,"Chicago, IL",68.8,75.9,20.4,24.4,Open-Meteo Historical Weather API (ECMWF IFS)
2026-06-26,芝加哥,芝加哥,"Chicago, IL",63.2,64.6,17.3,18.1,Open-Meteo Historical Weather API (ECMWF IFS)
2026-06-27,芝加哥,芝加哥,"Chicago, IL",67.3,71.6,19.6,22.0,Open-Meteo Historical Weather API (ECMWF IFS)
2026-06-28,芝加哥,芝加哥,"Chicago, IL",72.1,79.8,22.3,26.6,Open-Meteo Historical Weather API (ECMWF IFS)
2026-06-29,芝加哥,芝加哥,"Chicago, IL",82.4,91.7,28.0,33.2,Open-Meteo Historical Weather API (ECMWF IFS)
2026-06-30,芝加哥,芝加哥,"Chicago, IL",86.1,93.9,30.1,34.4,Open-Meteo Historical Weather API (ECMWF IFS)
2026-07-01,芝加哥,芝加哥,"Chicago, IL",88.3,96.4,31.3,35.8,Open-Meteo Historical Weather API (ECMWF IFS)
2026-07-02,芝加哥,芝加哥,"Chicago, IL",84.5,93.4,29.2,34.1,Open-Meteo Historical Weather API (ECMWF IFS)
2026-07-03,芝加哥,芝加哥,"Chicago, IL",78.8,90.9,26.0,32.7,Open-Meteo Historical Weather API (ECMWF IFS)
2026-07-04,芝加哥,芝加哥,"Chicago, IL",74.5,82.1,23.6,27.8,Open-Meteo Historical Weather API (ECMWF IFS)
2026-07-05,芝加哥,芝加哥,"Chicago, IL",70.1,72.9,21.2,22.7,Open-Meteo Historical Weather API (ECMWF IFS)
2026-07-06,芝加哥,芝加哥,"Chicago, IL",71.2,74.4,21.8,23.6,Open-Meteo Historical Weather API (ECMWF IFS)
2026-07-07,芝加哥,芝加哥,"Chicago, IL",74.0,79.5,23.3,26.4,Open-Meteo Historical Weather API (ECMWF IFS)
2026-07-08,芝加哥,芝加哥,"Chicago, IL",79.5,88.6,26.4,31.4,Open-Meteo Historical Weather API (ECMWF IFS)
2026-07-09,芝加哥,芝加哥,"Chicago, IL",78.8,86.1,26.0,30.1,Open-Meteo Historical Weather API (ECMWF IFS)
2026-07-10,芝加哥,芝加哥,"Chicago, IL",73.5,76.6,23.1,24.8,Open-Meteo Historical Weather API (ECMWF IFS)
2026-07-11,芝加哥,芝加哥,"Chicago, IL",73.1,76.9,22.8,24.9,Open-Meteo Historical Weather API (ECMWF IFS)
2026-07-12,芝加哥,芝加哥,"Chicago, IL",76.0,81.7,24.4,27.6,Open-Meteo Historical Weather API (ECMWF IFS)
2026-07-13,芝加哥,芝加哥,"Chicago, IL",79.9,87.4,26.6,30.8,Open-Meteo Historical Weather API (ECMWF IFS)
2026-07-14,芝加哥,芝加哥,"Chicago, IL",83.7,91.3,28.7,32.9,Open-Meteo Historical Weather API (ECMWF IFS)
2026-07-15,芝加哥,芝加哥,"Chicago, IL",83.6,90.6,28.7,32.6,Open-Meteo Historical Weather API (ECMWF IFS)
2026-07-16,芝加哥,芝加哥,"Chicago, IL",81.1,86.7,27.3,30.4,Open-Meteo Historical Weather API (ECMWF IFS)
2026-05-01,美东,纽瓦克,"Newark, NJ",53.8,64.7,12.1,18.2,Open-Meteo Historical Weather API (ECMWF IFS)
2026-05-02,美东,纽瓦克,"Newark, NJ",53.3,58.8,11.8,14.9,Open-Meteo Historical Weather API (ECMWF IFS)
2026-05-03,美东,纽瓦克,"Newark, NJ",51.1,57.7,10.6,14.3,Open-Meteo Historical Weather API (ECMWF IFS)
2026-05-04,美东,纽瓦克,"Newark, NJ",60.8,73.8,16.0,23.2,Open-Meteo Historical Weather API (ECMWF IFS)
2026-05-05,美东,纽瓦克,"Newark, NJ",71.9,84.6,22.2,29.2,Open-Meteo Historical Weather API (ECMWF IFS)
2026-05-06,美东,纽瓦克,"Newark, NJ",66.5,70.6,19.2,21.4,Open-Meteo Historical Weather API (ECMWF IFS)
2026-05-07,美东,纽瓦克,"Newark, NJ",56.9,66.7,13.8,19.3,Open-Meteo Historical Weather API (ECMWF IFS)
2026-05-08,美东,纽瓦克,"Newark, NJ",56.4,64.6,13.6,18.1,Open-Meteo Historical Weather API (ECMWF IFS)
2026-05-09,美东,纽瓦克,"Newark, NJ",57.1,66.1,13.9,18.9,Open-Meteo Historical Weather API (ECMWF IFS)
2026-05-10,美东,纽瓦克,"Newark, NJ",61.7,75.2,16.5,24.0,Open-Meteo Historical Weather API (ECMWF IFS)
2026-05-11,美东,纽瓦克,"Newark, NJ",57.4,62.3,14.1,16.8,Open-Meteo Historical Weather API (ECMWF IFS)
2026-05-12,美东,纽瓦克,"Newark, NJ",55.7,67.5,13.2,19.7,Open-Meteo Historical Weather API (ECMWF IFS)
2026-05-13,美东,纽瓦克,"Newark, NJ",62.3,75.8,16.8,24.3,Open-Meteo Historical Weather API (ECMWF IFS)
2026-05-14,美东,纽瓦克,"Newark, NJ",58.7,65.6,14.8,18.7,Open-Meteo Historical Weather API (ECMWF IFS)
2026-05-15,美东,纽瓦克,"Newark, NJ",58.2,65.9,14.6,18.8,Open-Meteo Historical Weather API (ECMWF IFS)
2026-05-16,美东,纽瓦克,"Newark, NJ",68.1,82.0,20.1,27.8,Open-Meteo Historical Weather API (ECMWF IFS)
2026-05-17,美东,纽瓦克,"Newark, NJ",79.5,90.5,26.4,32.5,Open-Meteo Historical Weather API (ECMWF IFS)
2026-05-18,美东,纽瓦克,"Newark, NJ",81.2,91.0,27.3,32.8,Open-Meteo Historical Weather API (ECMWF IFS)
2026-05-19,美东,纽瓦克,"Newark, NJ",85.2,96.6,29.6,35.9,Open-Meteo Historical Weather API (ECMWF IFS)
2026-05-20,美东,纽瓦克,"Newark, NJ",81.2,93.2,27.3,34.0,Open-Meteo Historical Weather API (ECMWF IFS)
2026-05-21,美东,纽瓦克,"Newark, NJ",60.8,67.7,16.0,19.8,Open-Meteo Historical Weather API (ECMWF IFS)
2026-05-22,美东,纽瓦克,"Newark, NJ",60.1,68.3,15.6,20.2,Open-Meteo Historical Weather API (ECMWF IFS)
2026-05-23,美东,纽瓦克,"Newark, NJ",53.4,56.8,11.9,13.8,Open-Meteo Historical Weather API (ECMWF IFS)
2026-05-24,美东,纽瓦克,"Newark, NJ",54.5,59.1,12.5,15.1,Open-Meteo Historical Weather API (ECMWF IFS)
2026-05-25,美东,纽瓦克,"Newark, NJ",63.4,72.7,17.4,22.6,Open-Meteo Historical Weather API (ECMWF IFS)
2026-05-26,美东,纽瓦克,"Newark, NJ",68.9,78.6,20.5,25.9,Open-Meteo Historical Weather API (ECMWF IFS)
2026-05-27,美东,纽瓦克,"Newark, NJ",73.0,81.0,22.8,27.2,Open-Meteo Historical Weather API (ECMWF IFS)
2026-05-28,美东,纽瓦克,"Newark, NJ",70.4,75.6,21.3,24.2,Open-Meteo Historical Weather API (ECMWF IFS)
2026-05-29,美东,纽瓦克,"Newark, NJ",68.5,78.7,20.3,25.9,Open-Meteo Historical Weather API (ECMWF IFS)
2026-05-30,美东,纽瓦克,"Newark, NJ",60.2,68.6,15.7,20.3,Open-Meteo Historical Weather API (ECMWF IFS)
2026-05-31,美东,纽瓦克,"Newark, NJ",64.2,77.4,17.9,25.2,Open-Meteo Historical Weather API (ECMWF IFS)
2026-06-01,美东,纽瓦克,"Newark, NJ",64.8,73.2,18.2,22.9,Open-Meteo Historical Weather API (ECMWF IFS)
2026-06-02,美东,纽瓦克,"Newark, NJ",65.8,76.6,18.8,24.8,Open-Meteo Historical Weather API (ECMWF IFS)
2026-06-03,美东,纽瓦克,"Newark, NJ",73.1,84.9,22.8,29.4,Open-Meteo Historical Weather API (ECMWF IFS)
2026-06-04,美东,纽瓦克,"Newark, NJ",75.6,89.0,24.2,31.7,Open-Meteo Historical Weather API (ECMWF IFS)
2026-06-05,美东,纽瓦克,"Newark, NJ",80.2,92.4,26.8,33.6,Open-Meteo Historical Weather API (ECMWF IFS)
2026-06-06,美东,纽瓦克,"Newark, NJ",79.4,91.4,26.3,33.0,Open-Meteo Historical Weather API (ECMWF IFS)
2026-06-07,美东,纽瓦克,"Newark, NJ",75.1,84.1,23.9,28.9,Open-Meteo Historical Weather API (ECMWF IFS)
2026-06-08,美东,纽瓦克,"Newark, NJ",69.2,75.7,20.7,24.3,Open-Meteo Historical Weather API (ECMWF IFS)
2026-06-09,美东,纽瓦克,"Newark, NJ",71.2,82.1,21.8,27.8,Open-Meteo Historical Weather API (ECMWF IFS)
2026-06-10,美东,纽瓦克,"Newark, NJ",77.7,87.9,25.4,31.1,Open-Meteo Historical Weather API (ECMWF IFS)
2026-06-11,美东,纽瓦克,"Newark, NJ",82.9,93.9,28.3,34.4,Open-Meteo Historical Weather API (ECMWF IFS)
2026-06-12,美东,纽瓦克,"Newark, NJ",81.7,93.5,27.6,34.2,Open-Meteo Historical Weather API (ECMWF IFS)
2026-06-13,美东,纽瓦克,"Newark, NJ",80.6,89.2,27.0,31.8,Open-Meteo Historical Weather API (ECMWF IFS)
2026-06-14,美东,纽瓦克,"Newark, NJ",81.0,91.5,27.2,33.1,Open-Meteo Historical Weather API (ECMWF IFS)
2026-06-15,美东,纽瓦克,"Newark, NJ",70.5,75.5,21.4,24.2,Open-Meteo Historical Weather API (ECMWF IFS)
2026-06-16,美东,纽瓦克,"Newark, NJ",67.5,77.9,19.7,25.5,Open-Meteo Historical Weather API (ECMWF IFS)
2026-06-17,美东,纽瓦克,"Newark, NJ",70.1,78.0,21.2,25.6,Open-Meteo Historical Weather API (ECMWF IFS)
2026-06-18,美东,纽瓦克,"Newark, NJ",77.7,88.6,25.4,31.4,Open-Meteo Historical Weather API (ECMWF IFS)
2026-06-19,美东,纽瓦克,"Newark, NJ",76.7,83.3,24.8,28.5,Open-Meteo Historical Weather API (ECMWF IFS)
2026-06-20,美东,纽瓦克,"Newark, NJ",74.8,83.6,23.8,28.7,Open-Meteo Historical Weather API (ECMWF IFS)
2026-06-21,美东,纽瓦克,"Newark, NJ",75.4,82.9,24.1,28.3,Open-Meteo Historical Weather API (ECMWF IFS)
2026-06-22,美东,纽瓦克,"Newark, NJ",72.2,76.4,22.3,24.7,Open-Meteo Historical Weather API (ECMWF IFS)
2026-06-23,美东,纽瓦克,"Newark, NJ",69.7,71.6,20.9,22.0,Open-Meteo Historical Weather API (ECMWF IFS)
2026-06-24,美东,纽瓦克,"Newark, NJ",72.8,81.9,22.7,27.7,Open-Meteo Historical Weather API (ECMWF IFS)
2026-06-25,美东,纽瓦克,"Newark, NJ",74.3,83.8,23.5,28.8,Open-Meteo Historical Weather API (ECMWF IFS)
2026-06-26,美东,纽瓦克,"Newark, NJ",74.6,82.7,23.7,28.2,Open-Meteo Historical Weather API (ECMWF IFS)
2026-06-27,美东,纽瓦克,"Newark, NJ",73.1,77.4,22.8,25.2,Open-Meteo Historical Weather API (ECMWF IFS)
2026-06-28,美东,纽瓦克,"Newark, NJ",73.5,81.0,23.1,27.2,Open-Meteo Historical Weather API (ECMWF IFS)
2026-06-29,美东,纽瓦克,"Newark, NJ",77.7,87.5,25.4,30.8,Open-Meteo Historical Weather API (ECMWF IFS)
2026-06-30,美东,纽瓦克,"Newark, NJ",81.9,90.9,27.7,32.7,Open-Meteo Historical Weather API (ECMWF IFS)
2026-07-01,美东,纽瓦克,"Newark, NJ",86.0,98.2,30.0,36.8,Open-Meteo Historical Weather API (ECMWF IFS)
2026-07-02,美东,纽瓦克,"Newark, NJ",93.5,104.4,34.2,40.2,Open-Meteo Historical Weather API (ECMWF IFS)
2026-07-03,美东,纽瓦克,"Newark, NJ",92.3,102.3,33.5,39.1,Open-Meteo Historical Weather API (ECMWF IFS)
2026-07-04,美东,纽瓦克,"Newark, NJ",86.7,96.3,30.4,35.7,Open-Meteo Historical Weather API (ECMWF IFS)
2026-07-05,美东,纽瓦克,"Newark, NJ",76.5,83.6,24.7,28.7,Open-Meteo Historical Weather API (ECMWF IFS)
2026-07-06,美东,纽瓦克,"Newark, NJ",69.0,71.5,20.6,21.9,Open-Meteo Historical Weather API (ECMWF IFS)
2026-07-07,美东,纽瓦克,"Newark, NJ",68.4,72.1,20.2,22.3,Open-Meteo Historical Weather API (ECMWF IFS)
2026-07-08,美东,纽瓦克,"Newark, NJ",74.1,84.7,23.4,29.3,Open-Meteo Historical Weather API (ECMWF IFS)
2026-07-09,美东,纽瓦克,"Newark, NJ",75.1,84.3,23.9,29.1,Open-Meteo Historical Weather API (ECMWF IFS)
2026-07-10,美东,纽瓦克,"Newark, NJ",77.6,84.8,25.3,29.3,Open-Meteo Historical Weather API (ECMWF IFS)
2026-07-11,美东,纽瓦克,"Newark, NJ",75.8,81.1,24.3,27.3,Open-Meteo Historical Weather API (ECMWF IFS)
2026-07-12,美东,纽瓦克,"Newark, NJ",75.6,83.8,24.2,28.8,Open-Meteo Historical Weather API (ECMWF IFS)
2026-07-13,美东,纽瓦克,"Newark, NJ",77.0,85.6,25.0,29.8,Open-Meteo Historical Weather API (ECMWF IFS)
2026-07-14,美东,纽瓦克,"Newark, NJ",81.9,92.2,27.7,33.4,Open-Meteo Historical Weather API (ECMWF IFS)
2026-07-15,美东,纽瓦克,"Newark, NJ",85.9,97.4,29.9,36.3,Open-Meteo Historical Weather API (ECMWF IFS)
2026-07-16,美东,纽瓦克,"Newark, NJ",83.5,94.0,28.6,34.4,Open-Meteo Historical Weather API (ECMWF IFS)
